county,year,cultivated_area,harvested_area,wheat,rye,barley,oat,corn,triticale,peas_beans,beans,potato,sugar_beet,fodder_beet,rapeseed,sunflower,soy_beans,cabbage,cauliflower_broccoli,tomatoes,cucumber,watermelons,eggplant,pepper,carrot,garlic,onion,green_peas,green_beans,green_fodder,perennial_fodder,grapes,wine_grapes,table_grapes,apple,pear,plum,apricot,cherry,peach,nuts
BIHOR,2015,281006,281006,332807,1408,65033,24527,294172,431,413,465,67508,61753,0,8667,33861,5376,21281,5097,10023,3769,11035,3293,3925,3229,992,3226,912,2138,77688,572595,14955,14568,387,15071,2095,15622,1573,1703,7766,850
BISTRITA_NASAUD,2015,62773,62773,9612,69,5982,4490,60454,786,0,23,104701,77,6916,172,465,22,11726,0,3887,1195,0,1168,1035,2357,670,4078,8,727,85932,210091,1447,1405,42,33013,1212,10592,8,1993,9,803
CLUJ,2015,106644,106093,39342,584,36975,10568,132149,1813,319,745,85421,32278,5342,4094,4752,1571,32818,1095,15952,5234,609,1677,2595,9983,1369,12536,533,3486,134645,243948,1020,1020,0,7017,932,9635,248,649,83,493
MARAMURES,2015,65794,65609,9781,20,1417,5678,51217,7095,0,295,113512,0,6395,0,618,0,9142,81,2689,1427,0,994,1421,2146,840,2257,12,600,21694,377579,958,958,0,42657,1476,11318,38,2323,150,1890
SATU_MARE,2015,192825,192774,159479,559,17792,13652,266963,34915,579,159,46331,110447,35799,9335,30491,4446,33493,2491,13555,6021,6889,3353,3514,5437,616,2279,434,1647,115298,246978,13941,13828,113,15711,901,18784,537,2298,900,1267
SALAJ,2015,69816,69466,19455,22,4225,11082,68430,6783,15,8,59273,0,2622,306,3567,258,11075,281,5947,2550,37,1303,2572,5347,1297,4889,178,842,45672,258304,9024,8984,40,21655,1317,18929,428,1024,229,1224
ALBA,2015,114582,114321,66879,167,13869,3823,209365,6710,149,115,47323,13663,63515,2938,8433,568,24734,320,21874,5661,278,3172,5643,14122,3017,16648,86,2091,124068,339416,23824,23823,1,7819,1387,5623,539,1356,555,986
BRASOV,2015,74550,74446,37183,983,13847,1635,34287,7659,646,0,248619,109895,22644,3387,252,1785,4755,0,1476,338,0,62,54,1490,33,1820,0,180,149396,360092,0,0,0,2158,630,2418,154,232,1,58
COVASNA,2015,72766,72763,62464,1692,12338,2721,27466,4665,35,65,239324,141021,10213,3716,10,402,14815,48,599,272,0,11,34,2049,68,2858,22,87,107464,216792,0,0,0,2803,120,2282,2,525,2,506
HARGHITA,2015,56419,56363,31169,2045,14414,8068,7208,4651,0,0,190620,3340,8595,7,0,17,6453,2,417,68,0,0,31,2281,12,1888,6,10,76470,218228,0,0,0,3912,336,1646,0,238,2,181
MURES,2015,183165,183159,115422,176,24302,15939,279036,10049,369,131,65440,95042,3447,7125,7721,3214,26829,1317,18046,6458,3476,3532,6763,10872,1573,16454,805,1535,239324,722148,2360,2360,0,33258,1237,5802,157,1513,159,1076
SIBIU,2015,73128,73036,21354,149,3561,1591,90066,5085,49,63,54860,22997,3925,1074,459,790,17465,666,4316,2756,0,795,1138,3224,545,5123,178,527,88583,342682,518,518,0,7522,403,3029,65,354,57,222
BACAU,2015,150961,150942,44756,12,6648,3900,282050,54,297,476,30281,776,24453,4214,11076,287,30316,483,19748,2903,1944,2207,9151,6166,1790,11623,106,2127,98202,336858,27726,27693,33,5601,640,4182,384,1835,213,1090
BOTOSANI,2015,274378,273712,74825,477,10387,20012,367915,570,120,3931,118009,50996,23925,6540,56465,51523,26738,1058,19580,4827,17159,2699,6820,6347,4025,10479,428,3447,206413,495792,8097,8034,63,12628,1419,7140,784,3629,125,1142
IASI,2015,238456,236349,113838,230,9270,9191,279856,1359,318,2290,98204,134996,27301,15252,44005,13774,35529,822,29650,6060,24623,4019,9050,9709,3223,18395,771,4223,80067,349974,55288,54100,1188,11788,1853,8281,2280,9562,24,1136
NEAMT,2015,150093,150027,85585,1697,20373,12816,232546,7409,116,480,98142,113008,25507,12588,23269,5869,22348,460,9061,2784,1615,1432,3606,4277,1671,9439,151,1767,26457,356922,2968,2968,0,12114,683,3230,132,2857,10,904
SUCEAVA,2015,177341,176547,46051,4538,8658,14381,89681,3904,336,1470,197060,14912,58268,2585,2693,3165,48387,1835,13533,7043,842,2246,7394,8554,3506,17571,404,1496,176325,676276,0,0,0,31460,3128,6251,69,1607,0,1207
VASLUI,2015,224847,222330,143977,0,11334,3583,245338,646,238,879,13599,3488,4996,4972,59835,369,18657,266,12357,2478,11087,1980,4802,2969,2038,9330,396,1895,81411,253585,54689,53331,1358,7844,796,3221,672,2899,120,709
BRAILA,2015,346115,345987,297203,195,127249,3139,438705,2867,7273,979,4126,3593,330,66147,149559,53151,4308,67,5071,635,42234,2026,7628,1735,287,2929,45,385,14052,261692,8917,8475,442,1306,550,2411,1469,1432,416,468
BUZAU,2015,341358,341181,342516,0,60192,2839,355449,3485,2522,499,10785,0,2937,61452,113855,1200,14196,426,20320,2736,33125,1642,3662,1326,1488,6813,85,472,21170,145242,73770,70694,3076,14339,2453,32303,1164,2710,1099,1070
CONSTANTA,2015,484007,483806,670293,0,217714,18897,173192,2146,11006,403,12285,0,0,87667,151939,497,9932,53,13808,2079,3595,1527,1777,10752,720,13564,309,255,200829,99447,38819,37348,1471,547,271,2946,3178,771,3121,387
GALATI,2015,273646,272170,164967,68,34742,3390,280975,1180,1827,959,9833,2320,2,10844,85661,12627,21109,1160,79972,54744,53239,10212,12576,15113,1512,19057,569,2176,17214,155566,49829,48773,1056,3493,786,2623,953,3166,281,658
TULCEA,2015,241806,237658,294902,333,68098,3114,157101,3583,1671,648,6329,0,110,34324,78800,9144,18582,383,14656,2075,11912,1791,3775,1840,789,9400,454,1942,12162,60375,30375,29612,763,1353,231,309,163,224,19,31
VRANCEA,2015,132572,131999,80569,59,6131,8674,160128,484,151,254,12826,0,8978,6471,18091,52,14929,761,13017,1672,4398,2645,7560,3066,584,9854,98,1097,182169,133413,143798,116274,27524,11767,737,22557,611,3255,135,1717
ILFOV,2015,64683,64495,78412,0,16655,972,47324,3998,365,78,2285,0,0,16167,21093,297,26402,4261,28952,4378,2157,5364,5143,2937,1634,3306,514,703,24628,32359,4387,4370,17,452,245,584,675,930,254,30
BUCURESTI,2015,88,36,0,0,0,0,0,0,0,0,0,0,10,0,0,0,6,0,169,4531,8,2,10,0,0,0,0,0,54,102,0,0,0,25,0,11,23,16,16,0
ARGES,2015,153816,153570,125995,127,9733,10627,161960,17419,35,61,23875,0,14517,9178,19133,334,25015,0,19904,1731,103,1760,2113,2168,1094,12121,119,1089,36201,151912,4732,4636,96,40671,4085,55863,1172,3024,91,1247
CALARASI,2015,391451,388488,618397,328,185239,2550,584339,1911,8888,442,412,0,15,138587,95973,40306,4537,215,6551,1000,5585,1195,1370,1221,381,2077,322,393,43052,127894,11866,11860,6,738,500,689,251,125,165,187
DAMBOVITA,2015,155708,154911,90724,0,20441,12545,184120,6012,196,191,43613,0,1031,8176,12145,450,200594,2388,36307,7850,4702,9291,10321,18981,2911,17436,510,1344,68191,145324,1577,1548,29,44690,3848,37071,933,2093,353,1076
GIURGIU ,2015,254116,252355,344170,39,87592,1341,213223,15130,1620,220,3023,0,0,39468,71780,14176,23585,391,25933,4148,4284,4833,7149,1105,1537,3781,1244,812,66416,173288,14570,14166,404,2198,444,1939,1417,1878,135,534
IALOMITA,2015,350353,350195,526357,0,101523,775,471954,2021,7789,485,221,0,0,136217,107702,13270,18674,1800,14960,2040,57520,9658,16841,4761,865,3906,1201,1274,23606,156087,12344,12295,49,178,48,428,501,297,53,52
PRAHOVA,2015,140109,139402,136743,286,20192,1142,185874,2290,51,59,24094,0,3187,23450,29431,449,17646,515,16761,2748,425,1959,3931,2661,1316,5106,388,949,48786,72997,35282,34716,566,14366,2434,21312,1186,2320,498,1297
TELEORMAN,2015,393226,391298,522410,0,99616,6592,231463,11346,1160,78,3331,0,0,60385,144565,874,23689,568,20927,2760,16752,4812,3531,1450,2900,13047,591,759,73324,86118,22629,22595,34,1156,510,1713,1146,641,114,412
DOLJ,2015,424906,423162,569306,6164,83032,6333,326960,17223,2669,450,4885,0,552,32336,112113,2533,45266,1180,37563,4245,103250,4043,8924,2353,3750,10269,1041,1912,63810,207136,36693,36250,443,1642,844,3786,1006,1669,195,359
GORJ,2015,85635,85508,27668,25,1571,4492,151042,6524,145,631,26303,0,5274,0,122,0,21652,0,9518,3403,0,2325,3358,4585,1302,9728,458,2696,81,69893,10740,10740,0,6809,1136,22057,932,2108,184,1148
MEHEDINTI,2015,130571,130571,128366,1500,12580,5833,157557,3748,1606,1116,11011,0,259,5906,13146,0,14935,99,4789,1681,14286,813,2539,1834,1929,7947,737,1316,937,43378,14431,14106,325,8943,1194,18420,1198,3178,450,1091
OLT,2015,353067,349659,454445,0,54465,7972,302661,17966,1193,198,7093,0,0,35379,84250,736,32955,1320,54291,7860,25143,11405,18367,2311,2822,7868,769,736,29967,136799,18178,17939,239,5747,821,27696,2119,2221,326,723
VALCEA,2015,73259,72924,30212,0,1064,3199,128064,1634,0,145,40033,0,7131,0,35,0,24086,644,12870,3390,269,2224,4901,3204,774,7282,43,508,4338,95802,22192,21447,745,14479,1072,46032,943,1969,214,1705
ARAD,2015,330348,329065,323487,194,38052,57792,451140,18683,226,59,7223,95064,2666,36918,77493,6622,48041,2857,35643,8638,23301,6668,14776,12485,3216,14237,2191,2324,74500,228819,8012,7459,553,5244,571,5182,211,1025,754,734
CARAS_SEVERIN,2015,75491,75488,36640,89,1892,1208,68062,1928,86,141,47095,0,0,3029,9385,1665,5153,15,2602,1132,0,586,1157,2679,465,3350,254,333,10236,246802,4213,4160,53,7982,677,20504,314,1207,345,1014
HUNEDOARA,2015,32738,32729,26946,0,903,525,35242,2593,12,0,518,623,9,285,320,154,157,0,74,20,0,31,40,120,2,64,4,11,20368,14547,0,0,0,1541,24,1735,8,8,8,15
TIMIS,2015,445738,444597,657714,23,94062,12615,700009,13388,812,244,34682,30356,5725,20115,101200,10064,54289,7726,17820,6478,20156,6000,11439,9186,2849,19587,1095,1976,61086,264546,14596,13624,972,5740,636,11685,1117,1358,1803,727
BIHOR,2016,286245,286245,240400,1359,78579,31765,404334,682,373,406,61997,60580,4640,11466,53381,5460,21051,6378,11895,4225,7509,4808,4925,3784,982,3808,1130,2009,60838,546837,12728,12452,276,12124,2212,9314,1634,1726,7578,999
BISTRITA_NASAUD,2016,64128,64128,9725,32,6483,6832,72959,663,0,9,125597,2506,8089,0,720,112,12293,75,4216,1067,0,1040,809,3015,602,4470,7,722,82669,201892,1505,1460,45,35150,1170,9704,58,1969,10,773
CLUJ,2016,114295,113824,44024,484,39641,11047,199779,2423,277,801,117347,28399,5133,4756,7583,3225,29273,1024,16622,5376,557,1241,2063,10878,1379,10334,541,4511,134176,257325,934,934,0,7294,1078,10011,278,496,109,528
MARAMURES,2016,67652,67652,9858,19,1849,6441,68861,7514,0,237,117919,21,6289,1,1266,0,8321,79,2458,1265,0,819,1321,2007,710,2136,12,441,26962,340043,739,739,0,33162,1427,11024,41,2325,191,1816
SATU_MARE,2016,202670,202564,163376,416,19142,15671,361313,37722,677,289,22358,51811,35373,14189,43877,22775,38478,2662,13945,6207,3539,5551,3966,5576,717,2264,493,1810,123334,278347,10605,10552,53,16448,1116,17555,621,2287,1242,1285
SALAJ,2016,72103,71849,21505,1,5608,11251,84368,7649,113,1,65575,0,1860,1067,5537,1441,9623,370,5928,2516,0,1300,2675,5442,1089,5472,219,991,29228,239987,6070,6035,35,20549,1331,18509,470,990,276,1237
ALBA,2016,110678,110608,68362,211,15345,3934,237726,5679,49,117,41938,12094,49403,3839,8853,1461,22755,313,18677,5047,181,2602,3764,14842,2286,18607,103,2304,133690,328853,26557,26557,0,8669,1682,5479,587,1405,711,1085
BRASOV,2016,74707,74427,39412,1598,14439,2765,38969,9913,786,4,192137,120100,14108,5110,435,2517,3680,18,1308,297,0,25,54,1130,30,1861,11,131,129927,347398,0,0,0,3604,725,2210,172,219,2,62
COVASNA,2016,75624,75581,69768,1926,14837,2825,30965,5619,194,151,255515,126720,13082,6852,11,1439,13402,13,453,233,0,11,20,2148,93,5104,22,79,115729,220927,0,0,0,2905,139,2357,1,570,1,509
HARGHITA,2016,56057,55941,33941,1953,15420,8353,10093,4211,13,0,153930,1766,4,11,0,11,6270,0,312,22,0,0,29,2519,23,2074,6,6,84406,224679,0,0,0,2935,372,1558,0,240,1,178
MURES,2016,183860,183854,111646,355,24718,15121,328757,9691,528,239,100644,103659,4235,11793,9290,7113,27297,1300,18424,5820,3128,3727,6013,11553,1701,16160,638,1744,231931,725716,2445,2445,0,25667,1479,7145,169,1364,212,1131
SIBIU,2016,70406,70384,21022,125,4175,1579,107282,5464,135,65,62777,134,18114,2194,1078,949,15395,479,3585,2974,0,651,1088,3746,484,5010,174,528,76249,320396,629,629,0,9396,471,2945,46,311,68,233
BACAU,2016,156968,156910,54851,29,8074,3979,363079,284,156,376,25789,5233,4925,7591,15640,670,19083,723,13015,1555,754,1525,5672,3824,1589,9384,24,1225,71852,331602,20555,20541,14,5445,739,4122,404,1768,280,1138
BOTOSANI,2016,268257,266658,83140,758,10208,20694,334027,711,50,1887,111055,41494,14249,7032,50640,19989,24538,745,17568,4776,16855,2318,7334,4785,3190,7831,264,2617,171963,365257,7828,7779,49,11393,1415,6249,816,3367,171,1143
IASI,2016,239394,238951,139265,386,12352,9057,365201,2189,484,2208,86385,113555,9447,11073,40398,7144,30089,1163,26668,5084,26306,2708,7116,9625,2127,13034,585,2342,56726,328774,50067,49003,1064,10028,1580,6168,2094,8698,27,1079
NEAMT,2016,153836,153814,102081,1413,26356,12348,290601,5932,355,276,92316,134091,15697,19575,30411,7569,16771,359,9011,2429,1247,1558,2859,3809,1380,8059,271,1472,29368,299731,2478,2478,0,10412,761,4351,148,2330,13,895
SUCEAVA,2016,176356,174856,58732,5554,11958,20607,123646,4535,216,2151,252678,19999,58159,4546,4108,3159,49350,1572,12349,6285,840,2105,5222,7981,3048,14379,340,1292,148616,731050,0,0,0,28900,3413,6317,66,1524,0,1221
VASLUI,2016,228130,227942,167527,0,14434,4327,235456,601,188,360,9210,14409,4591,19761,54159,892,18085,347,8890,2026,11513,1376,3993,1539,1628,6453,356,1459,41901,135734,52912,51860,1052,8700,869,3983,708,3867,135,735
BRAILA,2016,376762,376425,362188,201,178781,3777,541734,1781,7086,535,1125,10257,1042,53806,225249,56992,1432,16,2271,260,30854,1002,5187,1631,24,2969,27,18,27578,286815,11189,9970,1219,1239,577,2031,1506,1286,351,505
BUZAU,2016,257870,257487,229214,25,30615,2290,423947,4504,4393,973,12492,0,3422,56864,71887,2586,17192,632,24195,3558,33123,1598,3441,1221,1889,5660,87,275,45919,196993,67642,64462,3180,13556,2768,30932,1227,2849,1473,1203
CONSTANTA,2016,483980,483840,743847,34,255871,22046,196321,2125,9436,282,3274,0,0,102058,115414,229,6942,18,15025,1238,5901,837,867,7527,357,10922,165,148,139816,87372,30072,29677,395,390,317,2956,2165,927,2405,314
GALATI,2016,286582,285217,235961,111,60774,2957,352771,2263,7766,630,8271,7792,0,51289,112104,12415,21945,1451,95892,56146,33898,9686,17133,12163,1600,17648,315,1939,13200,148322,48707,47553,1154,3422,873,2882,1041,3063,384,634
TULCEA,2016,270872,267841,359148,282,90422,3575,162751,9936,1869,434,4926,0,56,63319,104335,6696,13646,324,9911,1273,6748,1270,2837,1187,547,8522,414,989,10048,78501,29236,28769,467,1240,260,205,88,90,19,32
VRANCEA,2016,134072,134072,85497,303,7518,9099,205916,202,437,1258,14872,0,8537,8275,19716,192,17969,403,12958,1554,4437,1621,6543,2988,697,9250,87,1106,144797,115463,140436,114750,25686,12355,1031,17526,651,3225,176,1774
ILFOV,2016,64454,64234,76387,0,17169,978,48464,3584,872,46,2016,0,0,20389,21780,448,20207,2754,20598,3398,6467,4958,4713,2134,911,3345,445,603,22169,35799,4105,4094,11,388,266,399,592,860,293,29
BUCURESTI,2016,77,54,0,0,0,0,0,0,0,0,0,0,10,0,0,0,14,0,1248,0,8,6,0,0,0,0,0,0,58,188,0,0,0,25,0,11,23,16,16,0
ARGES,2016,153465,153319,136318,2,8576,9149,161367,18319,94,71,36195,0,9574,11120,17226,675,17007,164,17921,1640,575,1821,2256,1118,629,9019,96,877,24891,164595,2827,2740,87,39453,6462,67238,1280,2967,140,1410
CALARASI,2016,394165,391425,613625,45,183652,1494,522785,3867,14712,232,308,0,30,181163,97921,43388,2780,120,5030,469,2741,724,859,1454,165,2631,425,412,27829,119703,10925,10863,62,729,525,707,231,120,146,186
DAMBOVITA,2016,157200,157029,99573,0,24011,15229,178519,6909,832,275,47455,0,830,13109,15933,183,189672,1563,35618,7544,5505,7980,9880,15539,2113,14190,390,1386,59765,117387,1281,1258,23,61688,4273,44416,967,2009,488,1016
GIURGIU ,2016,243284,241267,289733,38,94086,1252,191248,12312,2866,253,3563,0,0,59534,55697,4597,16822,538,16034,4420,6509,4920,6632,548,1284,3681,936,676,43866,65312,9731,9405,326,1952,540,1994,1558,1883,219,503
IALOMITA,2016,349927,349316,539668,123,105061,578,432887,1743,10670,481,21,0,0,196476,135316,16443,14531,2959,9489,3224,46059,9876,22463,2384,541,3228,916,1066,28129,139984,11894,11856,38,181,51,402,233,269,89,54
PRAHOVA,2016,142824,142273,157447,77,25565,1506,209229,1800,87,43,23928,0,2714,28358,36165,1156,14229,360,15764,2694,343,1656,3717,2449,1104,4267,305,752,40132,73643,28327,27838,489,10966,2751,27780,1306,2308,673,1367
TELEORMAN,2016,375803,374012,580409,401,105870,6529,263332,8706,2918,469,1310,0,0,86501,96575,1176,20964,795,17500,2685,14405,3266,3164,1099,3090,11573,607,723,67121,73095,19844,19813,31,949,458,1706,1121,636,154,423
DOLJ,2016,493159,492740,663827,6188,120372,8600,396105,21934,3483,626,6326,0,440,46277,154412,4994,35960,917,29662,4713,125573,4009,7211,2630,3034,7778,1137,1932,48186,181008,35177,34739,438,1891,887,4528,991,1683,215,319
GORJ,2016,87049,87049,29680,34,2241,4673,187242,7304,139,286,30915,0,5551,0,76,0,18707,0,7599,3291,0,2098,2468,5671,921,10579,530,2755,98,68116,9318,9318,0,6633,1149,26731,1008,2027,237,1098
MEHEDINTI,2016,150733,150732,161045,670,15960,7916,201282,4563,2710,1630,4151,0,151,20246,53393,279,21307,638,5836,1782,13582,1161,2390,1364,1749,9687,868,1584,219,49274,11267,10960,307,13546,1756,23113,806,3112,582,1137
OLT,2016,381038,380092,440377,0,43140,9135,291032,17548,2248,612,8304,0,32,43681,91526,3317,30041,1178,27585,7326,28226,8133,12382,1974,2679,6373,817,756,23510,143166,17845,17628,217,5858,809,27490,2279,2216,439,722
VALCEA,2016,70526,70526,30122,0,1422,4310,167753,1690,0,169,27076,0,529,392,1165,20,18636,400,13174,2663,115,2698,5481,2500,1100,9205,113,588,3746,80047,21952,21177,775,15886,2025,46598,1036,1946,290,1778
ARAD,2016,359566,356443,407658,108,49228,66956,649972,21831,1257,77,7729,117546,2480,77982,122673,9543,51171,2856,32860,9650,20945,7266,11972,12676,3286,14848,2305,2190,81454,227761,7510,7000,510,4457,591,5101,249,1009,591,834
CARAS_SEVERIN,2016,87517,87517,58609,645,2140,1452,119007,7186,0,14,40124,0,95,11715,15856,2828,3474,16,3297,826,0,431,751,2158,314,3094,196,249,34150,277256,1761,1716,45,6753,664,17799,351,1181,470,950
HUNEDOARA,2016,52101,52095,31272,25,1755,63,49133,1823,68,22,87395,120,23952,339,754,345,16098,523,6083,2583,75,1727,3536,4156,1662,8956,225,2010,43101,130817,0,0,0,7027,964,20337,244,1317,392,1020
TIMIS,2016,434850,434628,660891,0,69422,9199,1136174,13914,271,92,20855,39900,4336,29030,139780,8952,55898,3690,16303,6330,19038,4116,7075,7100,1635,11209,596,1047,36054,269941,19794,19036,758,3894,775,11092,1460,1379,2378,740
BIHOR,2017,285605,285596,336943,1185,80565,30160,537388,1638,672,223,75032,102159,6244,22975,55649,14378,23097,5457,14672,4865,11461,4882,5035,5216,1012,4085,1171,2396,98124,586278,12579,12302,277,12370,1912,11263,1877,1230,4866,1565
BISTRITA_NASAUD,2017,61679,61679,12653,4,7795,8090,86367,1031,0,8,90158,3051,8744,23,863,85,13167,96,4453,1139,0,1115,953,2761,572,3586,6,565,101720,229224,2309,2245,64,18724,726,7781,58,1775,9,1148
CLUJ,2017,108274,107677,47819,0,41018,13214,192241,3867,518,766,111018,35449,4596,2472,6748,4336,30934,1515,15914,6292,598,1447,2292,12130,1380,10551,510,4457,139710,256591,1000,1000,0,5782,1372,7423,282,481,182,739
MARAMURES,2017,63652,63651,12275,26,2114,6631,102779,9241,0,201,158254,6,6079,34,2442,0,8179,86,2750,1378,0,833,1334,1976,795,2261,12,474,28512,358811,1178,1178,0,16908,1952,8113,31,1723,99,2303
SATU_MARE,2017,205648,205236,174384,481,23659,16255,464520,38927,1105,159,31686,56215,41799,45033,66118,24525,35895,2745,16168,7430,3167,5981,4000,5732,669,2437,506,1837,125399,287995,13545,13495,50,16475,1364,19535,535,1736,646,1452
SALAJ,2017,70744,70646,23922,0,6327,11768,120703,9060,167,1,96524,0,2906,584,6762,1901,10434,563,6372,2565,0,1318,2737,5606,1171,6413,220,1031,41882,266818,7737,7691,46,16206,1460,18029,587,771,334,1736
ALBA,2017,118142,118095,66201,158,14606,4287,268119,7911,62,56,55853,12431,4622,3269,11830,2035,22543,298,19211,3948,101,2274,4307,13015,2016,14445,90,1761,166063,347145,37567,37567,0,6833,2131,6207,708,968,1088,1524
BRASOV,2017,69976,69846,36971,1071,16374,2284,47172,10171,2363,0,131009,132565,17505,6448,277,3208,3865,20,1092,228,0,26,48,1123,27,1906,10,128,188287,367870,0,0,0,3953,650,1975,245,142,2,81
COVASNA,2017,83454,83449,109861,2280,20358,2972,62490,5468,448,120,289048,119965,12243,5711,982,1247,23391,20,1380,592,0,9,15,2640,181,13484,58,97,124397,220928,0,0,0,2843,146,2477,1,341,1,719
HARGHITA,2017,52261,52255,34539,2111,16220,8508,10607,5075,41,0,214091,6255,4,34,0,8,6506,0,315,23,0,0,45,2500,24,2028,7,6,94590,220803,0,0,0,3330,337,1436,0,161,1,252
MURES,2017,181805,181805,108803,328,25581,15871,404333,11733,467,244,102730,111716,5043,9165,17064,9642,25960,1426,18057,6079,2807,3586,6766,11912,1781,16175,688,1704,238689,722092,4265,4265,0,13961,1277,6082,177,1202,149,1416
SIBIU,2017,68401,68400,21100,133,5504,1607,143662,6011,360,59,63328,24094,3740,1241,822,1128,15769,480,3688,2983,0,674,1240,3949,491,5186,172,527,93518,334726,599,599,0,9093,421,3739,43,279,52,260
BACAU,2017,150427,150390,66038,36,8979,4197,421313,303,1441,299,36104,5054,3695,10674,26954,1166,20031,585,14205,2064,923,1729,6748,3806,1599,12297,24,1380,76078,340548,26932,26914,18,5597,687,4185,497,1217,322,1599
BOTOSANI,2017,267269,266428,114207,834,14161,21240,533912,331,1209,2712,130748,33472,14715,12323,119825,36553,26715,882,18880,4484,18052,2418,7631,2082,3361,8814,386,2863,208841,390746,11617,11536,81,12755,1663,6200,755,2458,109,1310
IASI,2017,227820,227348,149796,287,16065,9747,486253,1597,2746,1479,79322,131086,11422,22449,67889,11629,30655,1187,28606,5219,23331,2845,7900,10292,2019,14467,676,3237,62366,334742,55453,54359,1094,11030,1847,8388,1381,7565,21,1423
NEAMT,2017,150821,150821,95214,1581,26861,13578,410563,9569,2230,390,116632,166058,18324,24518,40863,9397,17140,495,9948,2690,380,1561,3795,4258,1454,8780,226,1512,33003,342117,3098,3098,0,10083,856,4927,212,1598,16,1200
SUCEAVA,2017,175080,174875,76296,8161,13362,22235,203505,7872,1572,1378,364301,30353,58926,3782,7490,4678,51057,1491,11216,6233,438,2347,6418,8939,3824,15576,332,1219,230698,816491,0,0,0,24985,2762,6110,45,1104,0,1603
VASLUI,2017,203690,203241,142353,0,18040,5763,417976,495,2603,279,13650,306,16064,31185,122156,956,21759,340,11194,2201,13258,1445,4479,2021,1711,6843,384,1696,52332,137690,78955,77480,1475,7095,845,3176,673,2857,86,1058
BRAILA,2017,364000,363903,369267,252,158828,4828,624720,1457,13220,582,1329,14892,39,74001,276994,68134,1843,28,3091,309,44498,1063,5355,1866,31,3417,38,21,9352,311059,15079,13866,1213,745,355,2494,1820,1099,341,764
BUZAU,2017,256997,256982,281295,100,41179,3725,550616,3834,8038,636,13310,0,1306,99324,114617,5646,17174,679,24709,3670,46791,1744,4587,1266,1597,6060,88,405,17875,227248,83766,81613,2153,7367,1963,23897,1091,2315,838,1543
CONSTANTA,2017,474324,474232,952479,99,272190,17449,335854,2340,52183,424,7662,0,49,97882,258610,2838,5796,18,12361,1277,1329,833,1012,7704,319,8586,167,220,87869,81871,58135,53924,4211,503,290,4214,3784,1120,3305,594
GALATI,2017,269848,269433,186170,323,56912,3700,452929,1210,23390,825,10011,10053,0,48102,140280,14767,23963,1408,81323,57050,40940,10067,17568,11988,1486,16017,1188,2183,14232,173189,67772,65877,1895,3028,616,3071,959,2141,215,833
TULCEA,2017,259211,257700,395241,334,98227,4255,274807,11374,9263,1015,14079,0,49,61930,143812,11829,14613,670,10685,1709,11830,1839,3958,1778,640,9219,644,1768,28291,96318,39559,37872,1687,1179,409,248,92,66,19,38
VRANCEA,2017,122343,122343,106350,324,9338,9647,317381,172,586,434,26186,0,2474,8525,17119,329,18306,608,14504,1607,1916,2218,7408,3362,702,9822,205,1018,134572,131521,171567,144220,27347,10160,940,14688,532,2621,105,2637
ILFOV,2017,66455,66370,83430,0,16410,1604,65131,4253,3326,80,2838,0,0,22760,28594,234,19969,5211,21340,3020,10233,6151,6480,2223,822,3356,470,612,30207,38306,5040,5029,11,380,323,478,821,708,324,33
BUCURESTI,2017,75,54,0,0,3,0,21,0,0,0,0,0,0,0,2,0,0,0,26,813,8,10,0,0,0,0,0,0,128,241,0,0,0,0,0,0,0,0,0,0
ARGES,2017,153976,153976,188726,0,15221,15165,304315,23025,650,72,33453,0,11394,13721,34204,649,17426,0,23706,1719,697,1904,3033,1132,462,9400,105,870,34563,165904,4017,3945,72,12500,3208,53208,1301,2509,131,1826
CALARASI,2017,404528,405438,711818,63,167799,2850,711259,3164,33301,299,547,0,103,219456,108473,54886,2849,283,5527,503,2450,779,859,503,174,2038,348,402,50765,190014,19644,19637,7,737,575,692,265,98,152,188
DAMBOVITA,2017,162970,162958,137676,16,27764,15970,284143,9489,4397,343,46417,0,757,14931,30871,192,182743,1717,36348,9293,6254,9960,11975,15967,2072,15082,403,1060,61399,121685,1272,1249,23,43809,3689,19380,756,1644,273,1168
GIURGIU ,2017,241306,241275,386843,135,110530,1516,297957,12935,10067,100,3236,0,0,81688,85801,23513,17746,2860,21703,4755,4093,6374,7116,759,1399,3860,1097,385,49688,112370,16612,16070,542,1641,695,2086,1385,1525,212,788
IALOMITA,2017,350346,350110,600519,169,93857,1444,711300,732,27071,359,21,0,0,203855,140605,21042,13569,2747,8054,2671,61118,8948,21443,4132,608,4867,1291,884,35380,147906,18414,18324,90,164,50,493,359,253,94,67
PRAHOVA,2017,142118,141702,152335,0,19938,1038,287216,1197,2749,32,24387,0,2391,38471,46082,2082,14594,284,16511,2867,359,1644,3821,2502,1047,4292,332,862,51137,89084,45463,44488,975,7801,2256,18010,1373,1901,713,1745
TELEORMAN,2017,408892,406406,807624,35,113777,7266,423773,10613,24935,307,1749,0,0,161232,174459,1200,24006,995,20078,3617,15489,3471,3940,1169,3176,13387,598,757,92402,100345,40318,40278,40,948,511,2323,1282,429,323,653
DOLJ,2017,478872,478378,894001,6631,135684,10211,584754,24981,23073,468,6512,0,738,79166,234064,2177,40894,862,36203,5210,131205,4013,8198,2638,3074,10815,3090,2019,56842,178543,75224,74443,781,1515,815,5270,936,1463,125,418
GORJ,2017,79850,79850,43394,45,2764,4973,326947,9775,371,273,38192,0,5426,0,547,0,18291,0,8629,3187,0,1942,2753,5659,837,10756,473,13459,210,69758,20470,20470,0,3869,1219,20759,1299,1612,231,1315
MEHEDINTI,2017,143595,143423,218627,658,20298,8792,334067,5984,12879,793,9223,0,287,24482,51774,46,21613,1032,6222,2315,23708,917,1633,1513,1800,10411,947,1518,66,47941,33871,33302,569,14317,2042,27168,1148,2578,326,1493
OLT,2017,364933,364882,719515,0,54241,11022,585431,20737,10220,419,15114,0,0,56831,176729,3348,36227,2353,36171,9020,34841,10303,14215,2554,2706,7630,1399,865,24989,147551,26879,26646,233,3997,1054,24599,3196,1641,328,1058
VALCEA,2017,66273,66273,41233,0,1630,5273,245578,2049,1,110,47794,0,560,1951,3158,60,20032,388,13974,2915,119,3029,7226,2655,1078,9706,111,648,3909,86819,28240,27437,803,14756,1872,43165,997,1328,156,2231
ARAD,2017,326067,325303,340468,40,49477,67498,679415,28210,2893,78,12815,122949,2684,71253,119415,9326,51390,4292,47082,11338,19612,7430,13480,12939,3575,17350,2028,2609,55863,258694,12317,11199,1118,2759,484,5508,198,847,551,1050
CARAS_SEVERIN,2017,76769,76769,68746,252,6223,924,71260,4340,0,13,80260,0,36,11014,9232,3471,3732,17,4838,902,0,618,1161,2399,444,3935,212,272,19997,166870,4114,4114,0,7468,894,17700,341,956,357,1342
HUNEDOARA,2017,47424,47419,33087,6,1819,155,71948,1122,69,39,93100,494,22163,516,678,490,16142,553,6418,3059,0,1717,3558,4183,1591,8503,217,1950,20706,132179,0,0,0,6934,1248,18566,233,866,263,1476
TIMIS,2017,501424,501270,686736,0,75005,10083,871372,18274,1559,50,19730,55879,4161,80316,161889,40364,56560,8872,22183,7762,21509,6299,9937,8938,1946,14322,830,1730,47460,533962,22513,21710,803,4056,962,9859,1576,1146,1975,1149
BIHOR,2018,304377,302368,335385,1222,83677,30154,664586,1513,733,555,73422,85853,72961,22368,47964,15411,18391,5533,13073,4770,15365,5301,5001,5194,1021,4045,1181,2573,259632,814637,11332,10993,339,15721,1772,19493,1905,1869,6663,1747
BISTRITA_NASAUD,2018,60591,60591,12277,7,8166,8344,106695,1349,0,6,72240,1766,9335,0,778,88,13326,128,4920,1094,0,1223,975,2770,564,3637,8,586,133377,267006,1685,1631,54,31709,1048,13344,24,1770,11,1248
CLUJ,2018,118035,117654,44843,165,42946,12348,336034,4526,663,805,122466,47874,8666,3879,11749,6110,32718,1423,16464,6051,751,1376,2328,11365,1449,10235,515,4550,165950,287292,1246,1242,4,9545,1404,14229,286,555,89,766
MARAMURES,2018,66888,66888,14841,32,2306,7258,116240,9611,0,257,173984,23,4276,38,2288,1,8601,106,3404,1312,0,899,1474,1978,786,2346,13,481,26264,436005,1345,1345,0,47661,2260,18364,38,2618,103,3988
SATU_MARE,2018,206483,206385,186370,406,22635,13950,592892,37063,893,231,31117,549,5401,47870,70598,24329,36030,2737,14285,7501,3953,6872,3917,4894,711,2510,518,1834,139529,252864,16240,16181,59,11534,1471,32226,564,3714,679,1888
SALAJ,2018,73936,73869,24457,2,6332,11717,137201,9728,184,6,94166,0,42335,824,7566,1845,10843,598,6852,2573,0,1267,2728,5664,1114,6087,232,1054,52801,328402,13977,13882,95,22767,1653,47801,637,1205,311,1841
ALBA,2018,121768,121735,76653,0,15073,4820,326064,13061,105,61,47131,21572,36251,6931,14965,1677,23142,290,22236,3914,121,2603,4388,13060,2043,14563,102,1778,177928,394085,44245,44245,0,14993,2135,14390,751,1561,1097,1942
BRASOV,2018,70057,69396,33960,1016,16278,1900,56310,8878,1220,2,118382,83940,4906,6083,241,3645,3841,36,989,205,0,39,48,1132,34,2309,12,141,197530,418777,59,5,54,5085,651,4831,246,263,3,93
COVASNA,2018,84361,84355,99463,2097,20448,3014,76113,5546,284,113,279006,84933,16839,5554,896,1122,24043,14,1295,565,0,9,15,2746,178,13149,58,98,140050,244690,0,0,0,4260,150,5076,2,569,1,794
HARGHITA,2018,53325,53315,33676,1910,16215,8862,16541,4980,0,0,193823,4074,6012,43,0,0,6469,0,368,31,0,0,44,2616,20,2016,8,5,89125,241901,0,0,0,6148,380,3492,0,266,8,244
MURES,2018,187788,187788,120595,338,27146,13649,521379,10994,465,227,97269,150382,0,10659,21146,14980,26459,1413,18446,6056,3096,3557,6742,12279,1785,16085,705,1710,247801,810654,4366,4366,0,31972,1344,12074,183,1968,157,1811
SIBIU,2018,68567,68567,20520,138,4283,2178,150754,5621,227,61,60098,22527,4796,999,1479,896,17364,474,4361,2935,0,703,1249,4001,484,5040,171,500,110681,360876,685,678,7,10856,543,5051,45,524,49,274
BACAU,2018,151452,151444,70425,42,9333,4413,572482,237,840,222,42348,3473,114080,9613,27792,1604,20602,485,15905,2081,1024,1780,6884,5098,1591,13158,24,1436,104925,368062,28985,28961,24,8042,756,9242,534,2764,322,1870
BOTOSANI,2018,269855,269544,117290,973,14180,20705,772097,590,1843,3104,132089,34169,3846,13500,114984,51174,28213,915,16878,4651,19699,2567,6582,6369,3471,9399,451,2978,223879,402750,12122,12014,108,14617,1698,8789,798,5948,112,1593
IASI,2018,226674,226328,142498,345,13534,9514,590948,2253,2944,1741,69891,116430,15303,23963,60086,10917,32627,2283,30121,5200,32741,3106,7996,10183,1707,14601,681,3066,68472,360310,71774,70159,1615,14997,2136,13875,1881,10321,22,2059
NEAMT,2018,155494,155494,98549,1615,23082,11288,467831,8433,1025,332,96897,153893,18354,24173,43616,9787,17955,520,9665,2685,666,1693,3728,4332,1275,7498,211,1528,44647,342424,3447,3447,0,15138,916,9729,218,2771,13,1227
SUCEAVA,2018,192743,191558,94329,6460,15947,13275,299892,7521,2011,1372,391317,17382,13330,6871,13050,8175,72300,1265,15880,9692,1481,4202,8147,9855,4987,26850,351,1246,225703,928932,0,0,0,37003,2997,11974,52,1927,0,1836
VASLUI,2018,211418,211403,139820,538,20218,5476,504729,455,1068,542,11986,5060,53878,25520,148580,522,20302,345,12364,2156,11237,1394,4501,1972,1724,6427,361,1734,57265,171009,90162,87945,2217,8664,910,5592,714,3270,90,1099
BRAILA,2018,372481,367930,383338,279,158658,3750,877282,1123,17889,722,923,22924,5891,62989,252635,85040,2241,20,4412,311,49879,1200,5545,1835,45,2219,36,28,22079,326763,15532,14548,984,1305,396,5239,1574,1286,288,767
BUZAU,2018,268699,268679,290396,16,42318,3499,862867,4584,2801,513,12504,0,0,94119,105491,3881,17362,686,26113,4144,38101,1830,4834,1287,1736,6019,95,421,16989,233674,98896,93125,5771,17581,2508,43989,1376,3264,1001,2308
CONSTANTA,2018,474344,474140,1017944,88,305018,18184,457152,2551,34280,775,7129,0,1046,102463,296518,1353,5784,44,15326,1558,1656,930,1038,8011,363,7260,171,223,84435,111356,53324,48807,4517,772,311,9140,3628,1571,4633,884
GALATI,2018,275685,274547,177788,1916,58620,3450,639398,614,7970,605,10403,7423,0,43743,147179,16470,29004,1450,86614,57350,34202,11075,18661,11405,1504,13042,468,2124,18023,173972,73863,71051,2812,3597,653,5743,1068,2998,231,869
TULCEA,2018,267195,272478,388001,310,91773,3613,430068,6300,6830,990,11873,0,0,61999,180811,11679,18219,672,11530,1740,13111,1787,4482,1555,830,7944,604,1850,24497,101655,36076,34930,1146,2110,428,531,135,192,37,37
VRANCEA,2018,122767,122767,106837,0,10629,9521,381769,172,640,434,26652,0,0,3421,15891,174,18726,990,14470,1602,2224,2601,7212,3895,655,9237,218,950,153624,159484,206598,163470,43128,12026,781,33940,565,3421,110,3020
ILFOV,2018,66769,65984,76811,0,15306,933,81913,4712,1045,80,4191,0,4,28478,23410,173,23664,5060,23747,3930,8265,6763,6920,2577,841,3627,489,614,28335,36967,4721,4721,0,606,320,849,750,959,236,24
BUCURESTI,2018,60,48,0,0,0,0,0,0,0,0,0,0,0,0,0,0,331,0,49,0,0,7,0,0,0,0,0,0,122,308,0,0,0,0,0,1,0,0,0,0
ARGES,2018,152748,152749,149807,130,15541,13709,436907,23470,174,82,29939,0,14150,9147,34794,363,17498,0,31994,1684,979,2082,2923,1136,459,8846,106,922,38570,175463,7618,7557,61,62020,8161,71617,1359,3348,148,2520
CALARASI,2018,409721,405385,719600,580,155011,4390,924439,1236,19810,229,434,0,10404,205987,146290,54919,2915,286,5620,587,2478,1010,945,2358,325,2354,360,411,54187,193847,15142,15142,0,886,610,659,247,179,169,223
DAMBOVITA,2018,164757,164443,117118,0,24190,14986,338944,6359,3055,298,42912,0,0,14960,28882,121,168368,1927,40302,9960,8426,10192,11682,17273,2114,15247,399,1109,61300,124942,1357,1345,12,85061,5639,60680,846,3004,355,1260
GIURGIU ,2018,240564,240276,410625,53,114707,1358,374286,17094,5491,226,2765,0,811,84443,81339,23775,21598,2957,30072,5105,4889,7502,7992,1020,2021,4323,1260,463,68723,228033,18794,17644,1150,2451,1038,4661,1619,2420,191,783
IALOMITA,2018,348178,346188,580541,206,87143,1477,779148,1273,19955,288,22,0,0,187367,121017,26494,13738,2820,9100,2378,46137,8472,20396,4235,569,4078,1099,803,29492,159283,12050,12001,49,236,53,843,366,294,88,66
PRAHOVA,2018,142403,141125,128080,0,15364,858,325727,554,55,36,21406,0,0,37963,31100,2475,14421,304,15437,2926,315,1636,3118,2400,959,4040,338,827,42881,103770,46980,45717,1263,30041,2766,50207,1462,3086,747,2202
TELEORMAN,2018,412416,410921,781749,318,103871,6114,494914,8713,8124,106,2754,0,2935,142477,228300,5393,24264,1043,22213,3716,18387,3800,3957,1251,2917,11781,550,749,82232,104044,26665,26657,8,1695,538,5563,1352,858,327,720
DOLJ,2018,482227,479503,906619,6173,136720,10416,661290,28334,12307,381,6640,0,13168,64682,204998,3542,42818,1200,43279,6311,157365,4275,8172,2623,3355,10492,580,2213,83290,211253,77864,76927,937,1645,883,6674,1097,2253,204,510
GORJ,2018,80141,80142,43936,0,2819,5225,364563,9966,347,301,41499,0,634,99,615,0,19027,0,9806,2857,0,2052,2736,5442,839,10947,501,2791,210,75556,17603,17603,0,8582,1578,39620,1369,2569,244,1845
MEHEDINTI,2018,144333,143666,221606,666,20438,8999,356178,5996,9155,612,9432,0,5881,23468,50357,102,22290,1058,7961,2388,16580,946,2440,1454,1821,10165,956,1502,150,49344,33669,33122,547,16433,2039,35384,1186,3857,347,1477
OLT,2018,368491,367047,733581,0,57989,9268,691534,21676,5489,347,10195,0,477,49784,174276,3156,37204,2346,37990,9745,41453,10804,14961,2561,2588,7748,996,918,27184,153793,31981,31635,346,6657,1173,41510,3847,3431,330,1143
VALCEA,2018,69663,69641,38955,0,1541,5025,288765,2058,0,258,38709,0,0,1953,4501,0,21491,400,13069,2896,129,2963,7029,2480,1067,7799,106,661,6743,109073,17699,15924,1775,35094,2398,64569,1186,2291,176,3097
ARAD,2018,339183,338505,390963,63,51023,65937,841249,30205,1118,93,19194,59794,26906,90453,126980,12873,51618,4507,46402,11251,23225,7933,13622,12650,3375,17635,1861,2610,64264,372625,14858,13877,981,5645,570,9730,252,1069,605,1138
CARAS_SEVERIN,2018,82725,82725,78005,502,5183,1055,120209,5103,67,2,69389,0,3134,11059,13816,5376,5022,30,5158,865,0,719,1132,2330,468,3312,224,280,18054,247012,4017,4017,0,16566,944,39575,369,1488,438,1432
HUNEDOARA,2018,49760,49748,33059,27,1858,109,120819,2357,65,49,93024,1139,54,714,896,631,16486,589,6545,3130,4,1947,3524,4571,1542,7730,226,2076,28116,174188,0,0,0,14085,1314,43769,247,1424,281,2234
TIMIS,2018,507536,506183,702361,3,33191,8981,1505730,20642,1340,234,21962,53086,20758,80251,204816,55336,58222,8869,28184,8679,25936,6712,9594,12309,2638,14359,832,1748,47941,591196,27328,25986,1342,8050,1115,18067,926,1692,1717,1174
BIHOR,2019,313792,313771,368122,1377,68414,23960,673447,2570,1466,409,67043,0,8158,33506,85048,14252,17103,4334,11283,4595,11288,5043,4777,5009,1011,4006,1202,2346,240949,682310,10886,10477,409,14323,1564,15959,1909,1678,5851,1648
BISTRITA_NASAUD,2019,59734,59734,13270,0,5830,6319,98633,793,0,9,67248,1557,7753,0,1648,348,11964,62,4645,1038,0,1194,931,2681,561,3575,6,561,110415,199684,1221,1191,30,30672,484,11397,12,1654,10,1121
CLUJ,2019,120318,119910,47064,377,42462,11564,255113,4640,535,665,114904,70731,4275,3731,15560,3844,30858,1157,15544,6208,656,1304,2252,11083,1466,9901,497,4357,139274,246048,1019,1015,4,8368,1134,11907,264,606,80,686
MARAMURES,2019,66404,66404,12356,0,2106,6802,87946,8918,0,234,162264,71,3042,24,3863,0,7707,72,3235,1177,0,893,1382,1853,778,2305,12,462,23630,361198,1033,1033,0,43719,2029,17162,36,2389,82,3608
SATU_MARE,2019,217127,217061,129015,448,21743,14832,537586,37139,748,195,25888,0,39252,38840,96728,23986,33289,2030,13021,6736,3657,6485,3542,4693,702,2474,487,1666,104225,201175,15739,15682,57,9812,1271,29064,528,3384,569,1753
SALAJ,2019,64100,64011,23761,3,5444,11669,116833,8208,139,8,84186,0,3457,502,12014,1929,10836,575,6154,2343,0,1226,2585,5527,1093,5958,211,1044,49686,134697,12098,12026,72,22207,1564,44547,528,1032,239,1671
ALBA,2019,119637,119465,66505,0,13309,3212,252750,8363,50,46,44683,19699,2071,2130,21723,1253,22244,208,18692,3719,129,2382,4074,12476,873,14130,109,1750,160585,378061,44862,44862,0,13057,1704,13100,636,1397,882,1731
BRASOV,2019,69514,69477,31120,1005,15189,1267,52253,7959,935,1,110861,82722,11544,5679,335,3403,3788,28,963,198,0,34,44,1065,33,2103,15,134,134960,340931,51,5,46,4419,541,4148,154,205,2,83
COVASNA,2019,84133,84127,96376,2551,18380,3083,69610,5512,206,109,269889,81395,7021,5022,973,929,21100,12,1123,521,0,10,15,2659,141,12612,22,86,88856,216839,0,0,0,3952,157,4252,2,496,0,738
HARGHITA,2019,53400,53399,33914,1823,15561,8519,14108,4706,0,0,146243,6946,1052,84,0,0,5328,0,355,28,0,0,*),2442,17,1959,9,9,85631,186413,0,0,0,5236,346,2913,0,226,2,221
MURES,2019,190549,190549,126888,328,23988,13596,497356,8471,386,200,86679,132733,4224,10241,23927,12872,24548,1302,17314,5712,2371,3316,6427,11742,1727,15625,696,1709,240538,747625,3927,3927,0,26537,1083,10199,165,1887,125,1577
SIBIU,2019,59715,59680,16731,244,3484,1591,137632,4551,211,55,50082,25596,2446,742,1454,639,16990,438,4019,2696,0,649,1205,3962,474,4873,173,490,93686,198838,663,656,7,9134,432,4642,15,428,38,266
BACAU,2019,159893,159845,59109,56,9057,4537,472844,1914,974,180,41300,4089,3399,7222,47328,1510,18089,363,14219,2048,799,1685,6468,4662,1517,12896,0,1398,78333,314911,24677,24645,32,8597,614,8302,496,2454,238,1701
BOTOSANI,2019,312881,312869,119720,1475,12530,20153,656634,555,1927,2566,114741,56951,5729,11210,158361,41779,27890,705,15690,4222,17587,2349,6008,5996,2317,9280,377,2702,169572,357417,11104,11009,95,11696,1185,8027,724,3159,92,1507
IASI,2019,240335,240276,146955,367,16881,8626,535020,1936,791,1483,61784,209408,15219,10606,106362,8850,29807,1755,28012,4819,22338,2817,4343,9809,1640,14336,662,2924,53387,332821,47407,45982,1425,12961,1984,11495,1379,8175,19,1924
NEAMT,2019,157659,157659,96646,1888,22549,12248,451612,5880,816,275,81926,146135,26935,10621,46317,7992,16349,500,9010,2291,616,1620,3694,4076,1245,7347,292,1593,45657,308525,3085,3085,0,13061,757,8868,195,2322,9,1169
SUCEAVA,2019,185705,184132,80461,5802,14266,17665,213450,9857,638,866,265555,29554,39064,6087,12022,7460,63148,1123,14703,8599,1208,4076,7947,9628,4575,25440,952,2698,244478,779693,0,0,0,30388,2596,9936,42,1676,0,2021
VASLUI,2019,219148,219119,141878,582,16263,3941,353625,240,976,491,10061,840,9668,17961,113778,614,19729,300,11894,2313,10019,1356,4334,1837,1033,6080,423,1589,53616,145973,70579,68586,1993,7180,793,4425,589,2878,69,1018
BRAILA,2019,396274,394578,361287,0,160837,4079,965404,1012,22491,389,1012,23433,0,20601,265713,57732,1826,17,4263,327,44923,1025,5449,1918,24,2425,166,26,67801,292745,13525,13496,29,1027,315,3778,1476,1060,199,727
BUZAU,2019,259342,259316,293264,107,42593,3886,783942,3622,3615,380,11778,0,756,28847,134113,4006,16762,616,22367,3001,32658,1816,4685,1183,1714,5952,85,402,15372,198287,86548,81815,4733,15443,2256,42172,1233,2996,838,2122
CONSTANTA,2019,476680,476631,862386,166,302735,17611,357400,2425,38762,619,5950,0,43,53577,230976,1641,5657,29,12756,1446,1481,696,991,8396,361,7325,166,218,60322,82562,46342,42969,3373,696,255,7490,2219,1331,2521,496
GALATI,2019,264595,264037,179454,64,57681,3226,491551,1034,11372,534,8617,2795,0,17476,141184,12902,25975,995,82286,48558,32600,10179,16101,10724,1349,13367,443,2373,16030,159403,60902,58996,1906,2698,579,3987,942,2473,199,807
TULCEA,2019,262833,260618,328759,368,81487,4123,182465,3152,8304,921,11330,0,103,15148,127084,8254,17377,536,11361,1712,12919,1738,4273,1570,813,7644,432,990,30857,100214,33002,31956,1046,1662,354,498,115,145,21,40
VRANCEA,2019,123306,123306,103193,1,14693,9026,268803,155,589,372,21841,0,3895,1237,19780,169,18550,792,14153,1643,1913,2430,6605,3404,622,9294,177,917,139918,149277,174532,140915,33617,11492,719,29764,513,2856,99,2778
ILFOV,2019,63494,63402,87661,20,15881,850,75520,4447,997,74,4011,0,0,15701,27886,239,19857,3665,21349,3237,6156,5947,5865,2519,822,3322,444,608,31099,36778,4266,4266,0,352,186,652,486,661,102,21
BUCURESTI,2019,60,49,0,0,0,0,0,0,0,0,0,0,11,0,0,0,335,0,30,0,0,0,0,0,0,0,0,0,124,304,0,0,0,0,0,0,0,0,0,0
ARGES,2019,159067,158768,205061,0,12811,11595,267646,26915,287,69,23203,0,9517,5927,52506,233,16780,0,31100,1617,835,2018,2858,1105,447,8328,103,270,30517,146851,3314,3223,91,26239,5263,36022,1259,2810,126,2337
CALARASI,2019,410297,408706,709792,20,169788,1273,999394,1536,41436,198,334,0,0,96165,107817,66086,2646,211,5429,1169,2271,1008,890,1679,321,2257,519,411,85575,200193,14244,14244,0,790,540,653,247,175,168,232
DAMBOVITA,2019,194615,194372,171781,0,27180,14846,330778,6702,5454,255,40597,0,751,11118,58492,52,160877,1716,36306,7853,8033,9029,10790,17718,2028,15210,373,982,61739,111758,1122,1110,12,50056,4465,45765,766,2521,236,1132
GIURGIU ,2019,250127,250091,416464,222,114947,1648,329835,12507,8212,213,2531,0,0,57687,91324,15548,19513,2596,27080,4469,4350,6540,7773,971,1905,4352,1114,421,59410,304804,15223,14260,963,2341,1008,3966,1310,2067,152,727
IALOMITA,2019,348476,348064,557566,0,91203,592,835269,505,14268,265,28,0,0,51606,134738,22318,13324,1515,18152,2032,49040,8321,17591,2298,552,3612,831,678,41547,138166,11725,11685,40,263,52,639,416,373,78,62
PRAHOVA,2019,142960,141819,182654,0,31422,1467,290357,2292,1360,30,21113,0,2632,17960,41886,2359,13238,219,14615,2440,253,1613,2979,2228,950,3903,334,815,45520,89562,34364,33369,995,19340,2361,44066,1231,2786,558,2141
TELEORMAN,2019,415967,413323,823526,0,118128,7436,565361,7467,11834,58,2156,0,0,58192,233509,2264,23763,577,23263,3553,14881,4441,3888,1226,2797,12062,533,877,79109,88800,23039,23030,9,1501,434,4820,1125,805,275,663
DOLJ,2019,513832,513328,894700,5975,131830,8946,615240,22649,23033,291,6052,0,5124,27712,332272,474,40428,908,42340,5808,140880,4006,7792,2375,3180,10208,576,1908,60021,172865,69319,68488,831,1623,840,6064,993,2211,236,468
GORJ,2019,80199,80199,35981,0,2812,5150,248307,8570,343,278,26577,0,5566,0,918,0,17105,0,8652,2782,42,1765,2486,4939,788,10809,470,2553,505,65105,13202,13202,0,8749,1376,34638,1306,2246,222,1730
MEHEDINTI,2019,146373,146129,206034,693,22863,9081,306762,5292,7848,546,8759,0,426,17681,60667,84,20154,782,7028,2269,14139,916,2311,1284,1783,9659,922,1352,1491,51231,26319,25912,407,15509,1689,31389,1111,3629,289,1381
OLT,2019,376632,375739,752687,0,66123,11049,492420,20019,9201,304,9878,0,0,23174,230908,3743,31887,1700,34432,8694,35706,9647,13643,2445,2533,7397,982,812,29389,216941,26677,26377,300,5296,879,38957,3253,2901,263,1044
VALCEA,2019,69326,69326,47750,0,1693,4860,261392,2264,3,191,32062,0,5888,1802,5114,0,19448,352,11929,2640,116,2902,6840,2410,961,7686,103,659,5821,81743,31270,29949,1321,26933,2179,60194,1066,2074,147,2773
ARAD,2019,345499,344944,367793,96,44491,56507,795066,30131,1868,86,17122,12056,2904,71162,208626,5512,47007,3600,32480,10792,20442,7534,12512,12027,3049,16723,1762,4084,60779,232622,13132,12356,776,4565,506,8461,213,959,355,1055
CARAS_SEVERIN,2019,77356,77356,82045,30,4067,1055,97498,7245,15,1,63072,0,47,5384,7793,6422,4580,20,4701,822,162,718,1052,2193,454,3247,222,273,5482,226990,3981,3981,0,13894,746,32965,321,1338,376,1324
HUNEDOARA,2019,49785,49776,31307,35,2094,102,104156,3752,71,42,81213,156,18624,586,1104,587,13689,460,6170,3016,4,1886,3229,4024,1502,7190,224,1910,35238,130367,0,0,0,9940,1178,31107,211,1187,231,1999
TIMIS,2019,500330,497938,735018,59,70148,9581,1726089,18093,1343,187,20842,10296,2664,43551,276105,59352,54297,7250,27283,8322,24472,6399,9038,11531,2588,13763,834,1649,65257,405782,23413,22311,1102,7568,850,16540,1165,1518,2097,1100
BIHOR,2020,311045,311020,369424,1364,37160,9750,601643,2675,1440,445,65505,0,8352,37735,72377,15327,18816,4216,9737,4387,11098,4745,4452,4872,1106,3829,1167,2352,223279,669560,7927,7372,555,13958,1437,14404,1773,1488,5584,1436
BISTRITA_NASAUD,2020,56872,56872,12684,27,4938,5062,85018,1566,0,8,83002,1071,5880,178,1101,139,12395,63,4214,974,1,1006,824,2561,569,3199,6,512,92948,197227,1847,1847,0,34656,895,12651,10,2150,8,1285
CLUJ,2020,119971,119694,36158,499,34327,6524,234627,3520,702,455,121489,52760,5496,3330,13837,5888,29934,984,14972,6897,480,1299,2085,10749,1487,9749,577,4194,137287,237617,1042,1038,4,7735,1012,11051,240,507,71,617
MARAMURES,2020,65341,65341,10523,0,1402,4413,77006,5826,0,167,121554,73,2668,0,2508,0,7882,90,3264,1158,0,854,1247,1706,724,2120,12,471,20348,327640,1057,1018,39,49862,2036,19151,25,2718,86,3684
SATU_MARE,2020,223514,223487,137878,902,15310,14451,511857,27997,639,209,22084,153,40176,40011,84159,26172,38498,3968,15706,6509,2984,6319,3453,4593,658,2448,532,1712,94332,178526,13463,13371,92,11547,1115,29633,455,3051,541,1640
SALAJ,2020,61790,61747,26905,9,4024,2480,113951,7714,722,8,92945,0,2212,1014,9303,3127,10393,515,5948,1894,0,1176,2073,5497,902,4687,218,1026,41881,123689,11963,11888,75,24015,1434,45505,503,1029,227,1456
ALBA,2020,119983,119638,50498,0,10113,3111,249762,10118,164,51,41652,39257,2179,3071,15361,1776,22332,266,18079,4569,115,2199,3391,9544,1926,13825,112,1799,148604,340065,38482,38482,0,11620,1553,12460,571,1213,775,1652
BRASOV,2020,67266,67129,33289,1006,11355,1713,43525,7061,726,1,61115,50137,11258,5574,199,4002,3775,25,963,176,0,32,30,1021,46,1694,12,131,135309,327652,46,0,46,11043,489,3661,123,186,2,76
COVASNA,2020,82037,82030,77273,2319,10634,1998,44007,3743,169,89,287409,63196,8342,4227,1032,1428,25555,0,1163,403,0,9,16,2097,127,12212,20,84,84944,187802,0,0,0,3800,143,3959,2,457,0,698
HARGHITA,2020,51491,51485,36453,1504,10896,4019,11893,3604,0,0,166004,5685,923,104,0,9,5773,0,400,27,0,0,44,2248,18,1813,8,7,80115,184831,0,0,0,4929,230,2579,0,205,1,211
MURES,2020,185500,185499,110987,349,21647,10932,497171,9722,264,200,86923,87883,4158,9507,21580,14827,22498,1189,17972,5213,2167,3286,6163,12181,1666,15369,5455,1706,245471,766129,4038,4038,0,27102,965,9187,147,1812,107,1477
SIBIU,2020,62786,62723,21234,137,3322,1019,130656,5167,50,47,63710,26241,13099,3686,1775,2493,16572,377,3898,2488,0,600,1173,3867,474,4796,169,476,72502,186468,261,261,0,8826,366,4164,14,355,52,245
BACAU,2020,162272,162263,58177,64,5024,3248,330964,1521,789,177,37088,4592,3490,7466,32904,2791,28877,461,19195,2663,744,1725,6205,4194,1670,12276,50,1383,78394,299972,22842,22812,30,8187,713,8444,476,2365,221,1582
BOTOSANI,2020,310368,309867,87977,1962,6482,5133,480796,289,346,1822,65222,51538,5685,10517,140314,32446,33131,635,13191,3954,14699,2292,5812,5033,3148,8125,375,2693,152648,330087,9034,8940,94,10960,1153,7544,660,2926,80,1433
IASI,2020,242058,240272,121669,221,11725,3395,225986,1106,1051,1312,42318,102041,11972,10703,65521,8711,29799,1527,25890,6027,28531,3862,8256,10145,2880,14238,732,3282,31644,310628,59405,58008,1397,12601,1870,10657,1290,7691,17,1798
NEAMT,2020,166955,166953,57029,1601,17458,4716,267849,4140,662,283,68117,143219,11613,14605,31044,5341,16838,474,9053,2483,416,1578,3527,3931,1247,7524,236,1422,34516,285127,3087,3087,0,15379,666,8598,180,2365,8,1154
SUCEAVA,2020,187546,186804,76188,6165,9748,14275,160224,8388,620,909,432200,39871,30429,8001,11184,7141,62007,1283,15533,8560,943,3920,9648,9470,4478,23714,1343,2067,230401,694416,0,0,0,32234,2563,10080,38,1779,0,1895
VASLUI,2020,223735,221293,97958,605,6952,2524,152675,96,500,368,11586,2159,4425,14297,78239,1688,18039,277,11958,2295,8484,1383,4303,1483,1003,6088,309,1546,47789,124292,69581,67629,1952,7003,685,4377,550,2701,65,936
BRAILA,2020,346144,325099,135521,0,68232,1557,449505,272,4478,340,635,4525,0,9701,128021,40712,1671,28,4079,272,43173,962,5351,1540,65,2312,63,29,15878,287367,9073,9040,33,1192,276,3506,1061,990,90,657
BUZAU,2020,282792,279369,100942,0,15387,1889,224136,875,4539,329,11253,0,753,22900,69502,5632,17661,603,26535,2622,30897,1604,3895,1197,1708,6569,91,420,13363,150420,85747,81410,4337,14857,2132,38938,1089,2678,671,1956
CONSTANTA,2020,488275,448320,191497,15,75128,6697,92815,1054,11233,301,3519,0,0,41889,100194,2647,5056,0,7939,1249,1240,607,905,5880,397,5999,227,241,32139,36021,38409,35762,2647,677,227,6792,2191,903,1960,1291
GALATI,2020,261604,229983,71715,36,21124,951,124984,377,4656,275,8839,4109,0,13677,74597,7075,26317,1972,80548,48085,34332,9683,16113,7731,1658,12566,497,1840,16691,63041,44834,42939,1895,2558,499,3655,866,2308,173,743
TULCEA,2020,246808,225649,135764,257,35353,1285,59948,448,4055,576,10006,0,96,20091,59712,4106,13883,379,9784,1802,6529,1410,4346,1871,773,5813,467,1468,25601,57381,30607,29640,967,1526,318,431,109,137,21,39
VRANCEA,2020,120139,119775,31425,0,5177,4308,81659,0,280,372,18100,0,2280,1986,9576,54,16727,993,12604,1647,2709,2033,7522,3041,937,8888,114,991,75005,104625,170686,139312,31374,10808,680,27974,469,2654,91,2568
ILFOV,2020,62762,62621,60943,132,10289,579,45016,2497,719,89,3364,0,0,17197,20498,557,20004,3289,22389,3138,6202,5752,5688,2431,1310,3645,4438,610,21603,26913,4111,4109,2,448,164,623,377,629,107,19
BUCURESTI,2020,59,48,0,0,0,0,0,0,0,0,0,0,24,0,0,0,0,0,664,0,0,0,0,0,0,0,0,0,161,161,0,0,0,0,0,0,0,0,0,0
ARGES,2020,154781,154608,145592,0,7092,3115,154880,16997,435,88,24496,0,9098,4181,41022,312,15956,0,27337,1619,748,1751,3645,1119,437,8471,119,988,28572,92242,3242,3141,101,36549,6061,82962,1151,2766,120,2617
CALARASI,2020,386096,364092,233158,131,75295,504,363482,1061,5663,178,267,0,0,59831,62156,27185,2307,216,5529,1186,1905,919,708,922,463,2073,452,405,31914,138529,13778,13778,0,745,503,601,229,118,165,245
DAMBOVITA,2020,170609,170482,107571,0,26421,12680,236915,5567,2274,225,53512,0,576,6029,34528,1253,113585,2165,44819,8042,7517,8954,8911,15281,2213,15871,416,1162,50489,91225,1095,1083,12,55340,4354,42349,703,2370,216,1038
GIURGIU ,2020,259251,258853,325979,1667,101834,1322,211912,6764,4910,207,2436,0,0,52294,72560,10579,21946,2218,31843,4473,3599,6514,7028,913,1483,3892,1036,444,49852,317086,15092,14182,910,2225,954,3616,1174,1813,146,662
IALOMITA,2020,334309,314119,135832,4,25708,190,286356,480,4710,174,550,0,0,42181,77977,14856,13438,1514,9595,1999,58184,7914,19900,4397,780,4096,556,804,18612,109201,11413,11349,64,241,48,594,421,376,66,59
PRAHOVA,2020,150275,148846,93281,0,13962,1027,219598,1246,1034,49,46512,0,1902,17700,30977,4679,14611,202,13807,2444,212,1571,2355,2005,916,3688,334,816,42001,80241,41321,40335,986,18085,2430,61190,1176,3236,495,2303
TELEORMAN,2020,413814,413375,711853,0,112504,4111,309939,5845,14997,51,4094,0,0,52392,186789,1791,22663,1277,25640,3706,11200,3923,3957,1212,2617,11360,655,931,82330,100924,26306,26298,8,1354,376,4002,1040,735,281,602
DOLJ,2020,532183,531432,850526,5355,125574,7623,543546,22033,17677,269,7029,0,308,33345,259700,3164,45463,1204,42913,5465,143176,3906,7850,2308,3570,10540,895,1963,62848,182135,58323,57570,753,2035,1227,5634,939,2180,139,441
GORJ,2020,81735,81735,36871,0,1936,4966,241618,8031,321,254,31348,1,5254,0,450,0,17635,0,8478,2383,53,1770,2330,4924,778,9441,456,2723,308,66151,11128,11128,0,8359,1264,31642,1177,2097,198,1503
MEHEDINTI,2020,146337,146097,153741,991,17474,7413,284038,4395,7191,278,9104,0,380,13571,41168,1274,20021,715,7514,2210,18539,916,2269,1176,1775,8708,900,1221,1120,50396,28019,27613,406,22540,1895,35379,1335,3738,293,1607
OLT,2020,379262,378433,577310,0,54839,8934,329855,12145,8638,280,4596,0,0,18094,137922,2636,38369,2724,39142,8321,28904,8939,12675,2493,2657,7651,956,882,29454,116256,26829,26529,300,5467,765,39342,2857,2746,255,981
VALCEA,2020,67409,67409,32733,0,1561,3878,173424,1771,3,191,20120,3,5582,1727,3442,0,19300,296,11865,2586,100,2791,6620,2410,1001,7425,60,642,5670,73291,30774,29510,1264,36036,2906,85365,971,1815,137,2553
ARAD,2020,327212,327188,263001,25,50846,18498,605668,14140,2037,81,22918,2842,2634,41201,142875,5383,56780,5943,51361,12375,18715,7553,10958,11956,3119,16800,1588,2611,54528,227707,14955,14038,917,5642,567,8979,309,1224,541,1009
CARAS_SEVERIN,2020,67781,67781,55802,0,2094,1096,79977,6727,16,1,57101,0,49,6020,5869,3206,3990,22,4679,824,138,557,1090,2068,489,3008,222,249,12651,212901,4000,4000,0,13533,700,30118,272,1250,332,1218
HUNEDOARA,2020,53045,53040,34250,331,1713,1233,72045,2105,70,29,66834,1148,15163,765,623,2102,12565,651,6329,3131,9,1849,3186,3843,1767,6936,257,1767,48317,113142,0,0,0,9237,1116,27720,198,1098,218,1852
TIMIS,2020,342523,342022,502583,92,49139,7292,741715,19758,1465,227,18134,0,2664,76933,61716,33307,54355,8050,25702,8045,23839,4990,8209,11302,2363,13080,947,1506,63757,341888,24427,23334,1093,6574,804,16105,795,1599,1793,1028
BIHOR,2021,308475,307846,353051,2111,23608,11103,619076,8356,1053,427,21737,0,4590,51218,67694,12999,19272,4122,10065,4494,6118,4934,4328,4831,1121,3867,1167,2322,176526,605420,4187,3839,348,15817,1716,18360,1135,1483,3696,3733
BISTRITA_NASAUD,2021,49787,49762,14679,33,4714,2558,84033,3740,0,8,40934,441,2200,212,996,412,12240,85,4310,1030,0,1119,985,2551,813,3651,10,566,106313,216384,2012,1982,30,28517,1039,12515,10,1897,8,1262
CLUJ,2021,108345,107739,54540,641,33275,6597,242928,7653,436,755,36356,48847,1194,4833,13980,3043,25961,982,15906,8802,395,1664,2712,10491,1483,9836,578,4213,142862,236031,1846,1842,4,8087,1013,16493,238,680,77,758
MARAMURES,2021,56370,56370,13593,0,1376,3520,82909,4599,0,188,40098,6,5795,0,2009,50,7958,90,3342,1166,0,776,1218,1776,784,2124,0,501,26514,331848,1243,1243,0,48854,2005,16983,27,2962,94,3949
SATU_MARE,2021,249861,249710,199991,569,11537,14272,571767,30274,1276,230,19944,1,8203,65650,103683,27489,33022,4626,15437,7811,2423,7376,4804,4875,722,2507,626,1658,115288,174995,12580,12548,32,12314,1032,31393,457,3181,544,1782
SALAJ,2021,65981,65709,32199,0,5628,2573,131441,5538,1196,66,16032,0,2055,2509,9673,5252,10540,518,6612,3566,0,1018,3393,4846,1432,7787,294,1140,74354,118850,11444,11358,86,25109,1521,46938,469,1032,229,1819
ALBA,2021,115000,114145,61238,0,9199,657,277063,9680,270,20,45982,19218,3379,6767,19233,3398,18933,383,12208,5729,183,2517,3882,9461,2011,16486,651,1807,175527,439369,36344,36344,0,13850,1706,13135,589,1211,745,1708
BRASOV,2021,63478,63386,37068,1117,9893,755,67182,9375,421,1,66174,67173,3284,8202,533,6981,3809,25,950,187,0,32,24,1027,8,1857,0,161,121931,258501,0,0,0,11146,551,3921,123,287,2,80
COVASNA,2021,86189,86171,97039,2390,12413,1801,48106,7092,163,110,286509,69057,4969,5839,1322,1223,19337,0,1293,843,0,0,15,2353,36,12654,4,102,107760,203101,0,0,0,4491,170,3981,2,484,0,719
HARGHITA,2021,55224,55124,54764,1464,16701,2322,12567,8060,0,0,126823,5667,991,0,7,0,5709,0,391,27,0,0,48,2167,18,1702,12,7,77724,198055,0,0,0,4935,258,2922,0,248,1,227
MURES,2021,179265,179265,130831,375,22533,11955,472692,9954,419,215,16943,125359,4136,14693,20621,11981,23398,2187,17949,6755,3601,3513,7284,12255,1801,15754,5814,2390,242485,788631,4135,4135,0,28395,1052,10121,156,1996,115,1956
SIBIU,2021,62470,62441,26187,152,3589,760,151921,4688,60,7,19534,15359,2212,5437,3029,3363,17005,547,6925,4518,0,881,1762,5781,151,2071,225,836,92299,185147,496,496,0,9652,646,4174,16,282,53,256
BACAU,2021,160570,160541,97889,450,6464,2959,410146,2923,359,233,8320,5968,5593,7017,46301,2508,25783,659,18771,3585,1354,1889,8619,4783,1652,12782,40,1364,50544,318238,23306,23263,43,9252,920,8523,468,1912,213,1703
BOTOSANI,2021,275452,275217,152326,4371,11255,8361,740031,1516,3075,1927,13525,55350,6773,22292,115643,43011,27807,2017,16215,5824,16151,3464,6710,5369,3749,8774,441,2923,197214,313738,9521,9423,98,12820,1156,7812,643,2914,81,1482
IASI,2021,269214,268723,225452,793,21828,5715,633817,5699,1634,1357,9382,165926,16464,21855,101669,11050,30845,3695,39472,12420,25190,7287,15523,14751,3634,24539,872,4242,76087,330562,78153,76800,1353,17548,2047,12504,1783,10350,22,1873
NEAMT,2021,153706,153706,108192,1779,23433,6231,381875,9030,493,296,20823,140653,7036,17031,46732,5663,16556,974,13817,4318,1557,1886,5600,4458,1313,9588,429,1827,42134,298334,3087,3087,0,14145,706,8574,180,2343,9,1186
SUCEAVA,2021,177580,177571,83648,7111,13248,15469,201601,6804,648,858,284238,43191,33245,7162,14910,6260,65069,1278,17906,7897,963,3738,9738,12435,4906,24599,952,2085,166219,702678,0,0,0,49224,3838,9920,38,1675,0,1827
VASLUI,2021,246623,246579,268673,0,18849,4619,462847,508,2629,609,878,4553,1074,24672,105193,1934,17069,279,12129,2420,9547,1355,4310,1425,1094,6997,284,1630,43258,151484,72837,71161,1676,5004,705,5746,585,3277,75,1177
BRAILA,2021,317087,312391,359182,0,113815,470,852229,670,6420,224,1273,643,78,16018,146002,52048,1601,57,5154,609,10320,1434,5627,1267,74,2222,52,32,11168,707646,10058,10026,32,559,263,3400,1279,1070,132,673
BUZAU,2021,283439,283414,315402,282,47359,2273,663972,1636,12050,462,4192,0,699,45234,123497,4680,19430,500,26482,3771,82992,2102,4065,1340,1865,6383,155,515,29801,206510,103291,98626,4665,20743,2230,48047,1159,2827,722,2575
CONSTANTA,2021,445674,444601,836548,224,416660,7376,263397,455,22545,232,670,0,0,101026,246515,737,4296,0,9156,1245,1077,528,883,7576,436,7158,191,668,80682,69079,45768,42330,3438,670,223,6547,2342,1095,2104,1434
GALATI,2021,419770,418898,408811,62,106607,1424,1510470,6209,10874,369,4859,3837,4,32216,213758,11233,28614,1739,79620,49039,19061,10414,15873,10673,1693,11430,798,1991,17800,109847,55782,53879,1903,3045,500,3714,802,2378,188,753
TULCEA,2021,210568,208242,363564,1063,84700,672,152351,2322,8667,102,1340,0,0,24718,109343,10347,16898,204,10682,1186,4911,1725,3932,1483,790,6107,588,973,6113,96079,30658,29813,845,1321,319,428,113,174,22,46
VRANCEA,2021,94437,94437,116395,0,13882,10048,165954,114,13,611,1718,11909,2742,3332,15139,103,15501,997,13226,1844,3157,2086,6971,3033,712,8574,46,954,135780,132147,189176,157724,31452,11111,679,30074,395,2748,105,2718
ILFOV,2021,73820,73669,118042,174,14927,525,87554,4026,1109,81,138,0,0,31975,24119,238,22319,4797,27983,5850,9083,8052,7391,3644,1488,5588,4425,900,24071,29542,2747,2741,6,506,196,684,375,819,92,39
BUCURESTI,2021,73,54,0,0,0,0,0,0,0,0,0,0,19,0,5,0,0,0,18,2,0,1,2,0,0,0,0,0,234,229,0,0,0,1,0,0,0,0,0,0
ARGES,2021,153018,152866,221375,0,8004,4213,201452,14196,1077,42,14526,0,7371,10984,46947,122,17508,0,27594,1895,1098,1834,3636,1294,802,9021,353,1172,33513,101355,3198,3106,92,42925,5936,77624,1150,2680,113,2676
CALARASI,2021,403411,401267,665414,54,166211,1223,941407,824,9157,58,53,0,0,183386,108682,37331,2232,85,5371,1087,2306,998,749,934,679,2416,436,421,25016,138383,10661,10654,7,796,500,638,227,107,162,224
DAMBOVITA,2021,148360,148200,105996,0,25398,8537,227232,3862,2381,161,19591,0,970,6352,33601,9,91587,2390,37924,9272,6178,8878,15303,15400,2272,16152,453,1242,45766,92829,1427,1414,13,64079,4484,48821,684,2463,343,1216
GIURGIU ,2021,239286,239283,423198,2884,113492,987,218929,2373,3491,254,131,0,0,79508,53407,9251,14737,589,27378,4442,3439,6401,5549,436,1519,4200,797,281,53590,190708,9981,9386,595,2193,954,3780,1134,1884,151,664
IALOMITA,2021,366403,365765,548544,13,105863,3465,959009,1087,7887,207,11,0,0,130420,154710,16492,17747,740,15188,2013,35506,9429,21751,1839,810,3912,399,751,18153,147053,9859,9816,43,176,47,613,260,279,16,65
PRAHOVA,2021,136384,135948,159230,0,24187,922,243413,2321,872,116,2608,0,1747,38018,38240,2936,17425,823,17962,4578,424,2021,4029,5008,1233,6517,563,1463,28763,86098,45442,44708,734,19565,2443,61322,1254,2982,490,2132
TELEORMAN,2021,385822,385495,776283,90,115120,3706,288776,2274,11406,144,1577,0,0,98062,179998,153,14308,922,26728,3736,8783,3895,4130,1116,2869,13094,715,772,74476,98310,17875,17869,6,1305,377,4084,1015,759,270,660
DOLJ,2021,484101,481203,945187,5060,140096,10747,373749,20939,24611,138,14441,0,66,46858,263712,3492,45652,2377,61624,8167,55684,6292,14418,2136,3668,10632,768,2008,33563,197925,62561,61828,733,2054,1132,11211,1037,2300,149,457
GORJ,2021,79018,79016,42512,0,1927,5984,192777,8277,348,291,2248,0,5331,0,481,0,17586,0,7792,2393,85,1797,2340,4893,761,9337,447,2772,160,70828,14716,14716,0,8363,1298,33040,1184,2120,204,1633
MEHEDINTI,2021,152512,152416,193018,771,32597,7235,150333,5961,6909,357,7310,0,401,20185,47412,405,20184,259,11362,4203,25982,1554,4356,2484,1685,9396,1162,1442,6174,57634,25782,25439,343,22944,1949,35479,1357,3779,298,1400
OLT,2021,351314,337371,653954,34,85043,10297,228346,6717,14509,376,1152,0,0,54845,222337,2059,36014,669,39612,11490,22710,11075,15900,3519,2855,11591,1159,1198,11006,84831,33804,33493,311,5829,763,43756,2868,2734,294,1009
VALCEA,2021,66233,65923,34199,67,1520,4922,170798,4658,217,242,13009,0,5511,146,2778,3,19070,217,12335,2502,221,2264,5646,2614,992,6730,57,652,5984,93497,33092,31960,1132,36922,2848,81857,1030,1814,139,2741
ARAD,2021,282368,282366,416414,596,36393,13073,471629,8644,1207,79,6893,0,800,69426,60197,13510,50704,6147,45397,12089,10542,8866,11872,9713,2774,14928,1541,2610,79287,262300,12913,12145,768,7706,606,9065,308,1371,496,1296
CARAS_SEVERIN,2021,65024,65024,66956,0,4620,1145,81263,6733,0,0,25902,0,0,10968,8269,4435,4250,23,4120,874,0,553,1332,1877,496,3104,230,400,10922,183499,2774,2774,0,13996,789,37357,272,1262,330,1370
HUNEDOARA,2021,50181,50128,35369,371,1888,1569,87090,3891,63,101,20467,376,7294,1793,1487,660,12586,650,7937,2923,15,1838,3244,3810,1733,7411,284,1776,47063,125159,0,0,0,9485,1191,27716,195,1143,231,1933
TIMIS,2021,371935,370392,616798,0,71178,6805,696561,15529,1476,73,14769,0,3806,104208,69667,30675,49399,3345,19034,6068,11146,6004,8781,11546,1667,13735,487,1244,59401,424577,26431,25285,1146,7176,784,16086,747,1588,1608,1085
BIHOR,2022,300705,300031,320820,2010,21931,9601,284432,5896,897,315,17481,0,0,45295,50183,8630,14687,2733,7927,3573,1620,2906,3207,3516,893,3361,780,1898,148621,494927,5893,5602,291,13096,1323,22396,983,1238,2872,7197
BISTRITA_NASAUD,2022,48795,48795,14824,32,5405,2309,82175,3804,0,7,36950,0,242,266,1150,494,11141,0,3008,876,0,1025,756,2077,742,2768,8,561,83605,172376,2413,2399,14,22789,951,7613,9,1580,6,1135
CLUJ,2022,107432,106443,52649,353,29838,5683,172859,7275,654,608,26602,492,0,5535,13515,2926,20210,979,13808,3872,281,1206,2389,8226,1229,7459,264,2225,112169,224123,1705,1705,0,8604,887,14559,214,686,65,714
MARAMURES,2022,55228,55223,13856,0,1312,2920,65611,4283,0,153,29585,6,27,0,1848,22,6782,77,2299,952,0,575,1067,1549,641,1724,0,430,14499,297696,1238,1238,0,43655,1479,14917,23,2392,85,3831
SATU_MARE,2022,229358,229026,174731,677,11070,12450,223230,23316,971,144,11888,5,0,57033,66552,14883,21317,1970,9559,5200,1881,4672,2658,3295,631,2138,1069,1415,43246,139537,9805,9777,28,8745,910,26273,381,2720,483,1700
SALAJ,2022,64815,64417,33460,609,3852,2569,88524,5276,530,40,11734,0,0,3792,6693,3207,7037,490,3200,1630,0,746,2616,2851,802,4030,91,790,57858,109044,7438,7366,72,18845,1282,37524,364,841,188,1592
ALBA,2022,116614,116498,58894,0,8668,662,167494,7239,629,17,26030,234,13793,7379,18118,1412,20118,266,11384,4252,78,2184,3110,8017,1661,11395,60,1328,115515,387331,34200,34200,0,11957,1548,11929,503,999,684,1611
BRASOV,2022,55758,55599,35565,965,8014,1032,56737,6778,676,0,52920,20685,19,8353,1220,8457,3066,22,573,115,0,0,21,709,7,1507,18,103,87322,180911,0,0,0,6036,446,3167,107,215,1,69
COVASNA,2022,82737,82719,88342,2128,10106,1550,45206,6937,235,32,272492,35771,6479,5972,1036,1576,10623,0,676,226,0,0,15,1974,29,7227,3,88,87397,169071,0,0,0,4172,136,3433,1,386,0,657
HARGHITA,2022,51824,51782,51181,6762,15616,1858,10599,2494,0,0,119639,2501,20,0,10,0,4895,0,280,13,0,3,48,1571,15,1252,10,6,60110,167352,0,0,0,4260,238,2433,0,215,1,202
MURES,2022,176616,176613,118871,476,22518,11656,465050,8512,327,201,30864,14965,0,13396,27834,7000,15038,1571,10320,4065,1208,2654,4167,9743,1289,10046,4105,1183,219347,688840,3540,3540,0,27613,1116,8864,135,1708,97,1764
SIBIU,2022,62318,58975,24541,214,2328,843,125709,3863,39,7,8908,150,1,2547,5022,2189,10490,472,2548,1863,0,482,1101,2248,123,1647,83,439,77156,195840,546,546,0,5375,251,3570,12,222,45,231
BACAU,2022,154363,154251,53507,316,6049,2092,247433,2305,300,179,19877,4192,5,6518,28184,1110,14963,3,11564,1986,691,1497,5482,3446,1336,8458,38,1183,28199,252674,21484,21456,28,6485,1113,7510,411,1580,186,1590
BOTOSANI,2022,288829,288137,115074,3436,9774,6912,377572,410,1727,1114,7921,37762,2857,17591,78670,24548,16919,0,10196,3391,8621,2372,5162,4017,3465,6736,401,1513,165952,239953,6130,5987,143,11134,957,6413,559,2446,65,1384
IASI,2022,258393,254873,107631,283,11684,2449,172735,2590,1542,710,8788,51491,18,18955,60539,6200,15084,1260,17087,8026,17300,5484,7688,11762,1496,12726,633,2595,54241,237457,40217,39559,658,14143,1512,10637,1510,8591,16,1650
NEAMT,2022,152016,151817,87843,1174,17161,4663,244350,5230,620,174,22685,81740,1568,18097,38654,4209,9181,0,7142,2755,535,1474,3397,3505,997,7295,43,1220,35489,227060,1865,1865,0,12541,599,7247,162,1949,8,1098
SUCEAVA,2022,181023,181023,71691,6165,14697,9262,247382,6099,763,562,354371,25204,30309,4676,20770,4499,59027,1070,15224,6799,1400,3181,8146,12026,3775,20975,287,1537,134254,694808,0,0,0,55856,2883,9625,49,2205,17,1551
VASLUI,2022,241831,240124,171259,2,14520,3023,146966,305,1333,213,626,1244,0,13941,56328,1534,13723,0,10899,1681,7576,1136,3348,1221,1017,6016,300,1226,37918,116450,51142,49830,1312,4351,620,3259,806,2766,64,938
BRAILA,2022,319590,312676,267758,4,89345,634,547948,449,3175,174,550,0,0,14157,116793,47575,1292,35,3550,235,5246,968,5122,1193,48,2090,57,40,7674,867391,10530,10496,34,548,281,3001,1035,828,194,654
BUZAU,2022,255604,117627,109153,45,22579,476,25574,1090,1372,89,8644,0,0,32390,48134,2675,9693,0,37028,2025,17585,2840,2531,1413,2528,8222,57,495,36616,147030,79127,76069,3058,16809,1931,39962,1009,2169,612,2028
CONSTANTA,2022,443347,442260,811647,84,383403,9845,223205,717,16591,143,20,0,0,90544,176232,1320,3276,0,6496,828,889,482,715,6512,364,4272,121,657,57168,53929,41925,38807,3118,587,197,5632,2263,911,2093,1335
GALATI,2022,292316,271424,116263,3,41243,499,249362,1036,4584,92,2564,2868,1324,8863,60691,6166,21713,1087,47239,40714,8078,6747,12734,8134,1296,8995,200,1232,8365,68041,43956,42351,1605,2650,460,3399,693,2475,165,712
TULCEA,2022,205304,200500,246493,207,52881,750,100710,3186,2944,34,698,0,0,20924,76134,7694,13506,0,7058,1051,3093,1425,3158,1331,686,5333,514,725,1402,71841,27312,26521,791,1185,274,384,146,179,35,39
VRANCEA,2022,108503,87615,36249,195,3444,4129,34966,12,7,466,1933,1820,1971,1999,8876,28,9544,0,7239,1163,1730,1623,5602,2039,539,7225,0,799,113541,83500,167313,141658,25655,9864,546,27248,328,2274,93,2586
ILFOV,2022,61893,61460,83904,5,11829,321,37877,2090,1787,108,0,0,0,28479,23661,33,12207,3180,15079,3679,29,4278,5371,1278,1098,3356,3819,700,17180,7900,2724,2721,3,346,192,536,343,637,69,32
BUCURESTI,2022,62,53,0,0,0,0,0,0,0,0,0,0,8,0,0,0,0,0,38,5,0,2,4,0,0,0,0,0,141,445,0,0,0,3,2,1,1,3,0,1
ARGES,2022,152773,152722,190039,0,5594,2891,185339,8293,845,44,10982,0,0,16262,57192,9,15744,0,22695,1382,0,1552,2208,1000,767,7472,206,844,18748,71998,2607,2531,76,38186,5674,69183,1042,2327,100,2463
CALARASI,2022,408289,404795,609747,106,173033,7328,473217,300,11110,20,0,0,0,125669,108944,22745,1599,0,4055,1059,1473,747,666,311,558,1614,326,384,20938,121640,9590,9381,209,729,444,598,208,113,153,216
DAMBOVITA,2022,150456,150323,117352,0,32171,7816,204791,2658,1954,98,19794,0,0,11751,41338,37,95570,2249,34641,7253,4220,8072,12845,14911,2125,14877,470,1059,34918,79380,1290,1290,0,88711,4446,38348,631,2074,310,1095
GIURGIU ,2022,232728,232706,394260,240,105747,3283,220594,1996,3641,165,0,0,0,82929,61787,4483,11553,518,19061,3154,2331,4596,4641,321,1380,3321,775,217,43297,143185,8643,8104,539,1981,840,3489,974,1673,136,647
IALOMITA,2022,362721,361885,460478,0,76861,245,538779,324,5327,56,304,0,0,105937,145958,21019,10199,411,12904,1167,16043,7243,15931,1456,737,3023,92,734,7014,92424,4071,4049,22,160,67,504,227,272,12,60
PRAHOVA,2022,139294,138945,146429,0,21975,797,177585,1234,438,68,9304,0,1445,41930,35722,2233,13500,411,11701,2762,88,1418,2629,2466,882,3959,405,1068,24605,68926,33637,32861,776,18263,1922,44152,1087,2287,457,2023
TELEORMAN,2022,397830,397481,699248,346,114645,3390,163881,1622,7588,107,583,0,0,122864,173934,137,11229,776,11901,2704,4788,2551,3710,900,2807,10175,229,545,70126,107000,15549,15548,1,1253,321,3422,833,711,185,636
DOLJ,2022,476745,474607,782903,4861,118587,6416,296497,15769,15093,189,6179,0,46,40775,206560,5336,24364,0,36136,3481,35943,2639,9310,1507,3175,5255,224,965,29996,165032,44191,43610,581,1287,802,8942,912,2121,137,434
GORJ,2022,75640,75637,42209,0,1645,5283,217680,8171,262,126,1474,0,0,0,567,6,8700,0,3780,1045,0,1386,1897,3210,658,5634,218,1655,0,38422,14255,14255,0,7217,1139,29016,1046,1778,180,1525
MEHEDINTI,2022,149274,149274,180006,870,29393,6510,146363,5072,6378,381,3970,0,0,16325,42026,319,13156,0,6255,2451,10671,1200,2632,1483,1391,6445,597,812,6231,51268,19297,19003,294,14939,1684,25291,1009,2951,248,1267
OLT,2022,319910,319504,567052,329,83492,9423,206792,5912,12541,229,558,0,0,58750,141985,2718,24258,577,25541,6165,8375,8177,12718,1844,2513,9867,525,845,10061,76280,30342,30120,222,4852,646,35165,2439,2296,236,976
VALCEA,2022,62741,62699,25812,0,2563,3666,149291,1781,418,201,2774,0,10,428,2237,0,12242,120,7841,1070,0,1867,4354,1568,797,5820,0,553,7385,65041,26092,25227,865,29196,2234,59822,838,1546,119,2653
ARAD,2022,255137,254346,362768,327,39707,8099,227256,9073,664,80,5832,5,0,41859,34574,3964,43842,0,30917,10746,7365,7719,9188,7163,2382,11654,605,1672,29763,186183,11351,10586,765,7458,470,8109,286,810,462,1015
CARAS_SEVERIN,2022,63887,63625,64877,0,7797,1128,65393,3737,0,0,18495,0,0,15013,3593,2690,3232,0,2942,696,0,386,1186,1630,485,2515,110,336,5305,157942,2542,2542,0,11878,648,32325,223,1089,266,1214
HUNEDOARA,2022,48902,48820,32449,500,2891,1340,72731,2887,32,83,15790,196,110,1711,1073,364,9925,583,5720,2047,1,1487,2056,2871,1352,4816,248,1271,51410,100657,0,0,0,8470,1040,22210,171,907,228,1803
TIMIS,2022,394288,392500,742402,1127,71282,5800,247239,12384,2589,16,10061,0,46,120627,62236,19878,45059,3128,11944,4405,9216,4670,7315,8713,1519,10383,677,1180,117731,410543,24168,23118,1050,5694,719,14913,668,1407,1454,1004